[
    
    {
        "img":"https://i.ibb.co/PTNn2wB/DOC-20220706-WA0000-1-docx.png",
        "name": "Web Development",
        "description":" Bangladesh Infrastructure Finance Fund Limited (BIFFL) Funded Projects."

    },

    
    {
        "img":"https://i.ibb.co/n8Y496k/IMG-2350.jpg",
        "name": "Web Design",
        "description":"Strengthening Poverty and Social Analysis (SAER)(Baseline Survey & Feasibility Study)"

    },

    
    {
        "img":"https://i.ibb.co/SJnGPVn/DOC-20220706-WA0000-1-docx-1.png",
        "name": "Writting",
        "description":"Launching of Investment Promotion and Financing Facility II (IPFF II)"

    },


    
    {
        "img":"https://i.ibb.co/C1XxqM7/IMG-2397.jpg",
        "name": "Writting",
        "description":"Dhaka Environmentally Sustainable Water Supply"

    },
    {
        "img":"https://i.ibb.co/d6YsnpR/IMG-2524.jpg",
        "name": "Writting",
        "description":"Environmental and Social Impact Assessment on Infrastructure Project"

    },
    {
        "img":"https://i.ibb.co/HtLpPPd/IMG-2856.jpg",
        "name": "Writting",
        "description":"Workshop on “Innovative Financing Instrument for Infrastructure Financing”"

    }
]